{
  "format_version": "1.13.0",
  "minecraft:entity": {
    "description": {
      "identifier": "dm2:storm_dragon",
      "is_spawnable": true,
      "is_summonable": true,
      "is_experimental": false,
      "scripts": {
        "animate": [
          "dragon_default_ani",
          "dragon_effect",
          "dragon_fly",
          "dragon_fly_up",
          "dragon_fly_st",
          "dragon_fly_conend",
          "dragon_is_sheared",
          "dragon_catch_player",
          "dragon_attack_type",
          "dragon_fly_system_assist"
        ]
      },
      "animations": {
        "dragon_default_ani": "animation.dragon.default",
        "dragon_effect": "controller.animation.dragon.default",
        "dragon_fly": "controller.animation.dragon_fly_system",
        "dragon_fly_up": "controller.animation.dragon_fly_system_up",
        "dragon_fly_st": "controller.animation.dragon_fly_system_stopped",
        "dragon_fly_conend": "controller.animation.dragon_fly_conend",
        "dragon_is_sheared": "controller.animation.dragon_is_sheared",
        "dragon_catch_player": "controller.animation.dragon.catch_player",
        "dragon_attack_type": "controller.animation.dragon_attack_type",
        "dragon_fly_system_assist": "controller.animation.dragon_fly_system_assist"
      }
    },
    "component_groups": {
      "dm2:dragon_temp_unsit": {
        "minecraft:timer": {
          "time": 0.0,
          "looping": false,
          "time_down_event": {
            "event": "dm2:dragon_temp_unsit_end",
            "target": "self"
          }
        }
      },
      "dm2:flying": {
        "minecraft:is_stunned": {}
      },
      "dm2:dragon_sheared": {
        "minecraft:is_sheared": {},
        "minecraft:timer": {
          "time": 0.2,
          "looping": false,
          "time_down_event": {
            "event": "dm2:dragon_sheared_remove",
            "target": "self"
          }
        }
      },
      "dm2:dragon_baby": {
        "minecraft:is_baby": {},
        "minecraft:behavior.follow_parent": {
          "speed_multiplier": 2.0
        },
        "minecraft:scale_by_age": {
          "start_scale": 0.07,
          "end_scale": 1.0
        },
        "minecraft:ageable": {
          "duration": 14400,
          "feed_items": [
            {
              "item": "fish",
              "growth": 0.0078125
            },
            {
              "item": "salmon",
              "growth": 0.0104166
            },
            {
              "item": "clownfish",
              "growth": 0.015625
            }
          ],
          "grow_up": {
            "event": "dm2:dragon_grow_up",
            "target": "self"
          }
        }
      },
      "dm2:dragon_adult": {
        "minecraft:scale": {
          "value": 1.0
        },
        "minecraft:breedable": {
          "require_tame": true,
          "blend_attributes": false,
          "inherit_tamed": true,
          "breeds_with": [
              {
            "mate_type": "dm2:f_storm_dragon",
            "baby_type": "dm2:storm_dragon_egg",
            "breed_event": {
              "event": "dragonmounts:storm_dragon_egg_born",
              "target": "self"
            }
          },
          {
          "mate_type": "dm2:storm_dragon",
            "baby_type": "dragonmounts:storm_dragon_egg",
            "breed_event": {
              "event": "dm2:storm_dragon_egg_born",
              "target": "self"
            }
          }
          ],
          "breed_items": [
            "fish",
            "salmon",
            "clownfish"
          ]
        },
        "minecraft:behavior.hurt_by_target": {
          "priority": 1,
          "alert_same_type": true,
          "hurt_owner": false,
          "entity_types": {
            "max_dist": 64,
            "walk_speed_multiplier": 2.4,
            "sprint_speed_multiplier": 2.4
          }
        },
        "minecraft:custom_hit_test": {
          "hitboxes": [
            {
              "width": 2.0,
              "height": 2.0,
              "pivot": [
                0.0,
                2.0,
                0.0
              ]
            }
          ]
        },
        "minecraft:break_blocks": {
          "breakable_blocks": [

          ]
        }
      },
      "dm2:dragon_wild": {
        "minecraft:equipment": {
          "table": "loot_tables/entities/dm2/storm.json"
        },
        "minecraft:tameable": {
          "probability": 0.2,
          "tameItems": [
            "fish",
            "salmon",
            "clownfish"
          ],
          "tame_event": {
            "event": "dm2:dragon_tame",
            "target": "self"
          }
        }
      },
      "dm2:dragon_tame": {
        "minecraft:is_tamed": {},
        "minecraft:health": {
          "value": 200,
          "max": 200
        },
        "minecraft:leashable": {
          "soft_distance": 8.0,
          "hard_distance": 24.0,
          "max_distance": 12.0,
          "on_leash": {
            "event": "dm2:dragon_on_leash",
            "target": "self"
          },
          "on_unleash": {
            "event": "dm2:dragon_on_unleash",
            "target": "self"
          }
        },
        "minecraft:behavior.owner_hurt_by_target": {
          "priority": 0
        },
        "minecraft:behavior.owner_hurt_target": {
          "priority": 1
        },
        "minecraft:behavior.follow_owner": {
          "priority": 0,
          "speed_multiplier": 1.5,
          "start_distance": 5,
          "stop_distance": 5
        },
        "minecraft:behavior.breed": {
          "priority": 0
        },
        "minecraft:inventory": {
          "inventory_size": 18,
          "container_type": "horse"
        },
        "minecraft:interact": {
          "interactions": [
            {
              "cooldown": 60.0,
              "use_item": false,
              "hurt_item": 16,
              "spawn_items": {
                "table": "loot_tables/entities/dm2/storm.json"
              },
              "play_sounds": "shear",
              "interact_text": "action.interact.shear.dm2",
              "on_interact": {
                "filters": {
                  "all_of": [
                    {
                      "test": "has_equipment",
                      "subject": "other",
                      "domain": "hand",
                      "value": "dm2:diamond_shears"
                    },
                    {
                      "test": "is_family",
                      "subject": "other",
                      "value": "player"
                    },
                    {
                      "test": "has_component",
                      "operator": "!=",
                      "value": "minecraft:is_baby"
                    }
                  ]
                },
                "event": "dm2:dragon_sheared",
                "target": "self"
              }
            }
          ]
        }
      },   
      "dm2:dragon_sitable": {
        "minecraft:sittable": {
          "priority": 0
        },
        "minecraft:behavior.stay_while_sitting": {
          "priority": 0
        }
      },
      "dm2:dragon_rideable": {
        "minecraft:rideable": {
          "priority": 0,
          "seat_count": 1,
          "crouching_skip_interact": true,
          "rider_can_interact": false,
          "family_types": [
            "player"
          ],
          "interact_text": "action.interact.ride.dm2",
          "seats": [
            {
              "position": [
                0.0,
                2.7,
                0.64
              ],
             "third_person_camera_radius": 11.0,
            "camera_relax_distance_smoothing": 10.0,
              "min_rider_count": 0,
              "max_rider_count": 1
            }
          ]
        }
      },
      "dm2:dragon_saddled": {
        "minecraft:is_saddled": {},
        "minecraft:input_ground_controlled": {},
        "minecraft:can_power_jump": {},
        "minecraft:behavior.player_ride_tamed": {},
        "minecraft:horse.jump_strength": {
          "value": {
            "range_min": 4,
            "range_max": 8
          }
        }
      },
      "dm2:dragon_chested": {
        "minecraft:is_chested": {}
      },
      "dm2:dragon_onground": {
        "minecraft:movement": {
          "value": 0.24
        }
      },
      "dm2:dragon_flying": {
        "minecraft:movement": {
          "value": 1
        }
      },
      "dm2:dragon_launch": {
        "minecraft:spell_effects": {
          "add_effects": [
            {
              "effect": "levitation",
              "amplifier": 80,
              "visible": false,
              "ambient": false,
              "duration": 1
            }
          ]
        },
        "minecraft:timer": {
          "looping": false,
          "randomInterval": false,
          "time": 0.1,
          "time_down_event": {
            "event": "dm2:dragon_is_launch_end",
            "target": "self"
          }
        }
      },
      "dm2:dragon_launch_end": {
        "minecraft:spell_effects": {
          "remove_effects": [
            "levitation"
          ]
        }
      },
      "dm2:dragon_conup": {
        "minecraft:spell_effects": {
          "add_effects": [
            {
              "effect": "levitation",
              "amplifier": 40,
              "visible": false,
              "ambient": false,
              "duration": 3
            }
          ]
        },
        "minecraft:timer": {
          "looping": false,
          "randomInterval": false,
          "time": 0.2,
          "time_down_event": {
            "event": "dm2:dragon_is_conup_end",
            "target": "self"
          }
        }
      },
      "dm2:death_ani": {
        "minecraft:transformation": {
          "into": "dm2:dragon_dissolve<dm2:storm_dragon>",
          "table": "loot_tables/empty.json",
          "delay": 0.0
        }
      },
      "dm2:dragon_conup_end": {
        "minecraft:spell_effects": {
          "remove_effects": [
            "speed",
            "levitation"
          ]
        }
      },
      "dm2:dragon_leashed": {
        "minecraft:behavior.move_towards_restriction": {
          "priority": 2
        }
      },
      "dm2:dragon_noarmor": {
        "minecraft:mark_variant": {
          "value": 0
        }
      },
      "dm2:dragon_armor_iron": {
        "minecraft:mark_variant": {
          "value": 1
        }
      },
      "dm2:dragon_armor_gold": {
        "minecraft:mark_variant": {
          "value": 2
        }
      },
      "dm2:dragon_armor_diamond": {
        "minecraft:mark_variant": {
          "value": 3
        }
      },
      "dm2:dragon_armor_emerald": {
        "minecraft:mark_variant": {
          "value": 4
        }
      }, 
      "dm2:f": {
        "minecraft:variant": {
          "value": 0
        }
      },
        "dm2:m": {
        "minecraft:variant": {
          "value": 1
        }
      }
    },    
    "components": {
      "minecraft:fire_immune": true,
      "minecraft:nameable": {},
      "minecraft:jump.static": {},
      "minecraft:can_climb": {},
      "minecraft:persistent": {},
      "minecraft:physics": {},
      "minecraft:behavior.random_look_around": {
        "priority": 7
      },
      "minecraft:attack": {
        "damage": 24
      },
                  "minecraft:loot": {
        "table": "loot_tables/loot/storm.json"
      },
      "minecraft:behavior.delayed_attack": {
        "priority": 0,
        "speed_multiplier": 1.8,
        "attack_duration": 0.36,
        "hit_delay_pct": 0.24,
        "track_target": true,
        "reach_multiplier": 4.0,
        "sound_event": "attack"
      },
      "minecraft:knockback_resistance": {
        "value": 100,
        "max": 100
      },
      "minecraft:type_family": {
        "family": [
          "dragon",
          "dm2",
          "storm_dragon"
        ]
      }, 
      "minecraft:on_death": {
        "event": "dm2:death_ani",
        "target": "self"
      },
      "minecraft:behavior.mount_pathing": {
        "priority": 2,
        "speed_multiplier": 1.6
      },
      "minecraft:health": {
        "value": 200,
        "max": 200
      },
      "minecraft:behavior.move_towards_target": {
        "priority": 2,
        "speed_multiplier": 1.8,
        "within_radius": 64
      },
      "minecraft:navigation.walk": {
        "priority": 0,
        "can_path_over_water": true,
        "can_path_from_air": true,
        "avoid_water": true,
        "avoid_damage_blocks": true
      },
      "minecraft:collision_box": {
        "width": 1.0,
        "height": 3.0
      },
      "minecraft:movement.basic": {
        "max_turn": 45.0
      },
      "minecraft:breathable": {
        "totalSupply": 15,
        "breathesWater": true,
        "suffocateTime": 0
      },
      "minecraft:damage_sensor": {
        "triggers": [
          {
            "cause": "anvil",
            "deals_damage": true
          },
          {
            "cause": "block_explosion",
            "deals_damage": true
          },
          {
            "cause": "charging",
            "deals_damage": true
          },
          {
            "cause": "contact",
            "deals_damage": false
          },
          {
            "cause": "drowning",
            "deals_damage": true
          },
          {
            "cause": "entity_attack",
            "deals_damage": true
          },
          {
            "cause": "entity_explosion",
            "deals_damage": true
          },
          {
            "cause": "fall",
            "deals_damage": false
          },
          {
            "cause": "falling_block",
            "deals_damage": true
          },
          {
            "cause": "fire",
            "deals_damage": true
          },
          {
            "cause": "fire_tick",
            "deals_damage": true
          },
          {
            "cause": "fly_into_wall",
            "deals_damage": false
          },
          {
            "cause": "freezing",
            "deals_damage": true
          },
          {
            "cause": "lava",
            "deals_damage": true
          },
          {
            "cause": "lightning",
            "deals_damage": true
          },
          {
            "cause": "magic",
            "deals_damage": false
          },
          {
            "cause": "magma",
            "deals_damage": true
          },
          {
            "cause": "projectile",
            "deals_damage": true
          },
          {
            "cause": "stalactite",
            "deals_damage": true
          },
          {
            "cause": "stalagmite",
            "deals_damage": true
          },
          {
            "cause": "starve",
            "deals_damage": true
          },
          {
            "cause": "suffocation",
            "deals_damage": false
          },
          {
            "cause": "suicide",
            "deals_damage": false
          },
          {
            "cause": "temperature",
            "deals_damage": true
          },
          {
            "cause": "thorns",
            "deals_damage": false
          },
          {
            "cause": "void",
            "deals_damage": false
          },
          {
            "cause": "wither",
            "deals_damage": false
          },
					{
						"on_damage": {
							"filters": {
								"all_of": [
									{
										"test": "has_damage"
									}
								]
							},
							"event": "dm2:dragon_temp_unsit_start"
						}
					}
        ]
      },
      "minecraft:equippable": {
        "slots": [
          {
            "slot": 0,
            "item": "saddle",
            "accepted_items": [
              "saddle"
            ],
            "on_equip": {
              "event": "dm2:dragon_saddled"
            },
            "on_unequip": {
              "event": "dm2:dragon_unsaddled"
            }
          },
          {
            "slot": 1,
            "item": "horsearmoriron",
            "accepted_items": [
              "dragonmounts:dragonarmor_emerald",
              "dragonmounts:dragonarmor_iron",
              "dragonmounts:dragonarmor_gold",
              "dragonmounts:dragonarmor_diamond"
            ],
            "on_equip": {
              "event": "dm2:dragon_hasarmor"
            },
            "on_unequip": {
              "event": "dm2:dragon_hasarmor"
            }
          },
          {
            "slot": 2,
            "item": "chest",
            "accepted_items": [
              "chest"
            ],
            "on_equip": {
              "event": "dm2:dragon_on_chest"
            },
            "on_unequip": {
              "event": "dm2:dragon_deon_chest"
            }
          }
        ]
      },
      "minecraft:lookat": {
        "search_radius": 12.0,
        "set_target": true,
        "look_cooldown": [
          16.0,
          12.0
        ],
        "filters": {
          "all_of": [
            {
              "test": "is_family",
              "subject": "other",
              "value": "monster"
            }
          ]
        },
        "within_default": 4
      },
      "minecraft:environment_sensor": {
        "triggers": [
          {
            "filters": {
              "all_of": [
                {
                  "test": "on_ground"
                }
              ]
            },
            "event": "dm2:dragon_is_onground"
          },
          {
            "filters": {
              "all_of": [
                {
                  "test": "on_ground",
                  "operator": "!="
                }
              ]
            },
            "event": "dm2:dragon_is_flying"
          }
        ]
      },
      "minecraft:behavior.nearest_attackable_target": {
        "priority": 2,
        "entity_types": [
          {
            "filters": {
              "all_of": [
                {
                  "test": "is_family",
                  "subject": "other",
                  "value": "monster"
                }
              ]
            },
            "within_default": 6
          }
        ],
        "within_radius": 6.0,
        "scan_interval": 10,
        "attack_interval": 0,
        "reselect_targets": true,
        "must_see": false,
        "must_reach": false
      },
      "minecraft:healable": {
        "priority": 1,
        "items": [
          {
            "item": "chicken",
            "heal_amount": 8
          },
          {
            "item": "beef",
            "heal_amount": 8
          },
          {
            "item": "porkchop",
            "heal_amount": 8
          },
          {
            "item": "muttonraw",
            "heal_amount": 8
          },
          {
            "item": "rabbit",
            "heal_amount": 8
          },
          {
            "item": "rotten_flesh",
            "heal_amount": 4
          }
        ]
      },
      "minecraft:pushable": {
        "is_pushable": true,
        "is_pushable_by_piston": true
      },
      "minecraft:behavior.float": {
        "priority": 0
      },
      "minecraft:behavior.tempt": {
        "priority": 3,
        "speed_multiplier": 1.6,
        "within_radius": 16,
        "items": [
          "fish",
          "salmon",
          "clownfish"
        ]
      },
      "minecraft:behavior.random_stroll": {
        "priority": 4,
        "speed_multiplier": 1.8,
        "xz_dist": 96,
        "y_dist": 128,
        "interval": 4
      },
      "minecraft:behavior.look_at_player": {
        "priority": 1,
        "look_distance": 12,
        "target_distance": 4.0,
        "probability": 0.0001,
        "look_time": [
          1,
          2
        ]
      }
    },
    "events": {
      "dm2:storm_dragon_egg_born":{
        "spawn_entity": {
          "entity": "dragonmounts:storm_dragon_egg",
          "spawn_pos": {
            "x": 0,
            "y": 1,
            "z": 0
          }
        }
      },
      "dm2:breath_attack": {
        "add": {
          "component_groups": [
            "breath_attack"
          ]
        }
      },
      "dm2:breath_attack_remove": {
        "remove": {
          "component_groups": [
            "breath_attack"
          ]
        }
      },
      "dm2:fireball_attack": {
        "add": {
          "component_groups": [
            "fireball_attack"
          ]
        }
      },
      "dm2:fireball_attack_remove": {
        "remove": {
          "component_groups": [
            "fireball_attack"
          ]
        }
      },
      "dm2:dragon_sheared": {
        "add": {
          "component_groups": [
            "dm2:dragon_sheared"
          ]
        }
      },
      "dm2:dragon_sheared_remove": {
        "remove": {
          "component_groups": [
            "dm2:dragon_sheared"
          ]
        }
      },
      "dm2:death_ani": {
        "add": {
          "component_groups": [
            "dm2:death_ani"
          ]
        },
        "queue_command": {
          "command": [
            "gamerule mobgriefing false",
            "kill @s"
          ]
        }
      },
      "minecraft:entity_spawned": {
        "randomize": [
          {
            "weight": 1.0,
            "remove": {},
            "add": {
              "component_groups": [
                "dm2:dragon_adult",
                "dm2:dragon_wild",
                "dm2:f"
              ]
            }
          },
          {
            "weight": 1.0,
            "remove": {},
            "add": {
              "component_groups": [
                "dm2:dragon_adult",
                "dm2:dragon_wild",
                "dm2:m"
              ]
            }
          }
        ]
      },
      "minecraft:entity_transformed": {
        "randomize": [
          {
            "weight": 1.0,
            "remove": {},
            "add": {
              "component_groups": [
                "dm2:dragon_baby",
                "dm2:dragon_wild",
                "dm2:f"
              ]
            }
          },
          {
            "weight": 1.0,
            "remove": {},
            "add": {
              "component_groups": [
                "dm2:dragon_baby",
                "dm2:dragon_wild",
                "dm2:m"
              ]
            }
          }
        ]
      },
      "dm2:dragon_grow_up": {
        "sequence": [
          {
            "filters": {
              "test": "is_variant",
              "value": 1
            },
            "add": {
              "component_groups": [
                "dm2:dragon_interact",
                "dm2:dragon_rideable",
                "dm2:dragon_onground"
              ]
            }
          },
          {
            "filters": {
              "test": "is_variant",
              "value": 0
            },
            "add": {
              "component_groups": [
                "dm2:dragon_interact",
                "dm2:dragon_rideable",
                "dm2:dragon_onground"
              ]
            }
          },
          {
            "remove": {
              "component_groups": [
                "dm2:dragon_baby"
              ]
            },
            "add": {
              "component_groups": [
                "dm2:dragon_adult",
                "dm2:dragon_wild"
              ]
            }
          }
        ]
      },
      "dm2:dragon_flying_b": {
        "sequence": [
          {
            "filters": {
              "test": "has_tag",
              "subject": "self",
              "operator": "==",
              "value": "flying"
            },
            "add": {
              "component_groups": [
                "dm2:flying"
              ]
            }
          },
          {
            "filters": {
              "test": "has_tag",
              "subject": "self",
              "operator": "!=",
              "value": "flying"
            },
            "remove": {
              "component_groups": [
                "dm2:flying"
              ]
            }
          }
        ]
      },
      "dm2:dragon_tame": {
        "sequence": [
          {
            "add": {
              "component_groups": [
                "dm2:dragon_sitable"
              ]
            }
          },
          {
            "filters": {
              "test": "has_component",
              "operator": "!=",
              "value": "minecraft:is_baby"
            },
            "add": {
              "component_groups": [
                "dm2:dragon_interact",
                "dm2:dragon_rideable",
                "dm2:dragon_onground"
              ]
            }
          },
          {
            "remove": {
              "component_groups": [
                "dm2:dragon_wild"
              ]
            },
            "add": {
              "component_groups": [
                "dm2:dragon_tame"
              ]
            }
          }
        ]
      },
      "dm2:dragon_sit": {
        "add": {
          "component_groups": [
            "dm2:dragon_sitable"
          ]
        }
      },
      "dm2:dragon_temp_unsit_start": {
        "remove": {
          "component_groups": [
            "dm2:dragon_sitable"
          ]
        },
        "add": {
          "component_groups": [
            "dm2:dragon_temp_unsit"
          ]
        }
      },
      "dm2:dragon_temp_unsit_end": {
        "remove": {
          "component_groups": [
            "dm2:dragon_temp_unsit"
          ]
        },
        "add": {
          "component_groups": [
            "dm2:dragon_sitable"
          ]
        }
      },
      "dm2:dragon_unsit": {
        "remove": {
          "component_groups": [
            "dm2:dragon_sitable"
          ]
        }
      },
      "dm2:dragon_saddled": {
        "add": {
          "component_groups": [
            "dm2:dragon_saddled"
          ]
        }
      },
      "dm2:dragon_unsaddled": {
        "remove": {
          "component_groups": [
            "dm2:dragon_saddled"
          ]
        }
      },
      "dm2:dragon_on_chest": {
        "add": {
          "component_groups": [
            "dm2:dragon_chested"
          ]
        }
      },
      "dm2:dragon_deon_chest": {
        "remove": {
          "component_groups": [
            "dm2:dragon_chested"
          ]
        }
      },
      "dm2:dragon_is_onground": {
        "remove": {
          "component_groups": [
            "dm2:dragon_flying"
          ]
        },
        "add": {
          "component_groups": [
            "dm2:dragon_onground"
          ]
        }
      },
      "dm2:dragon_is_flying": {
        "remove": {
          "component_groups": [
            "dm2:dragon_onground"
          ]
        },
        "add": {
          "component_groups": [
            "dm2:dragon_flying"
          ]
        }
      },
      "dm2:dragon_is_launch": {
        "remove": {
          "component_groups": [
            "dm2:dragon_launch_end"
          ]
        },
        "add": {
          "component_groups": [
            "dm2:dragon_launch"
          ]
        }
      },
      "dm2:dragon_is_launch_end": {
        "remove": {
          "component_groups": [
            "dm2:dragon_launch"
          ]
        },
        "add": {
          "component_groups": [
            "dm2:dragon_launch_end"
          ]
        }
      },
      "dm2:dragon_is_conup": {
        "remove": {
          "component_groups": [
            "dm2:dragon_conup_end"
          ]
        },
        "add": {
          "component_groups": [
            "dm2:dragon_conup"
          ]
        }
      },
      "dm2:dragon_is_conup_end": {
        "remove": {
          "component_groups": [
            "dm2:dragon_conup"
          ]
        },
        "add": {
          "component_groups": [
            "dm2:dragon_conup_end"
          ]
        }
      },
      "dm2:dragon_on_leash": {
        "add": {
          "component_groups": [
            "dm2:dragon_leashed"
          ]
        }
      },
      "dm2:dragon_on_unleash": {
        "remove": {
          "component_groups": [
            "dm2:dragon_leashed"
          ]
        }
      },
      "dm2:dragon_hasarmor": {
        "sequence": [
          {
            "filters": {
              "all_of": [
                {
                  "test": "has_equipment",
                  "domain": "armor",
                  "operator": "!=",
                  "value": "dm2:dragonarmor_iron"
                },
                {
                  "test": "has_equipment",
                  "domain": "armor",
                  "operator": "!=",
                  "value": "dm2:dragonarmor_gold"
                },
                {
                  "test": "has_equipment",
                  "domain": "armor",
                  "operator": "!=",
                  "value": "dm2:dragonarmor_diamond"
                },
                {
                  "test": "has_equipment",
                  "domain": "armor",
                  "operator": "!=",
                  "value": "dm2:dragonarmor_emerald"
                },
                {
                  "test": "is_mark_variant",
                  "operator": "!=",
                  "value": 0
                }
              ]
            },
            "add": {
              "component_groups": [
                "dm2:dragon_noarmor"
              ]
            }
          },
          {
            "filters": {
              "all_of": [
                {
                  "test": "has_equipment",
                  "domain": "armor",
                  "value": "dm2:dragonarmor_iron"
                },
                {
                  "test": "is_mark_variant",
                  "operator": "!=",
                  "value": 1
                }
              ]
            },
            "add": {
              "component_groups": [
                "dm2:dragon_armor_iron"
              ]
            }
          },
          {
            "filters": {
              "all_of": [
                {
                  "test": "has_equipment",
                  "domain": "armor",
                  "value": "dm2:dragonarmor_gold"
                },
                {
                  "test": "is_mark_variant",
                  "operator": "!=",
                  "value": 2
                }
              ]
            },
            "add": {
              "component_groups": [
                "dm2:dragon_armor_gold"
              ]
            }
          },
          {
            "filters": {
              "all_of": [
                {
                  "test": "has_equipment",
                  "domain": "armor",
                  "value": "dm2:dragonarmor_diamond"
                },
                {
                  "test": "is_mark_variant",
                  "operator": "!=",
                  "value": 3
                }
              ]
            },
            "add": {
              "component_groups": [
                "dm2:dragon_armor_diamond"
              ]
            }
          },
          {
            "filters": {
              "all_of": [
                {
                  "test": "has_equipment",
                  "domain": "armor",
                  "value": "dm2:dragonarmor_emerald"
                },
                {
                  "test": "is_mark_variant",
                  "operator": "!=",
                  "value": 4
                }
              ]
            },
            "add": {
              "component_groups": [
                "dm2:dragon_armor_emerald"
              ]
            }
          }
        ]
      }
    }
  }
}